Observation ID,Organization,Dataset,Location name,Body of water,Latitude,Longitude,Region,Country,Water body type,Number of readings,Owner name,Date,Time,Timezone,Added at,Form,Notes,QA status,QA notes,"ph (std_units, api_saltwater_ph)","oxygen (mg_l, ysi_multimeter_do_mgl)","salinity (ppm, water_rangers_pen_type_salinity_meter_ppm)","conductivity (us_cm, other_pen_type_conductivity_meter_us_cm)","water_temperature (deg_c, water_rangers_pen_type_temperature_meter)","total_dissolved_solids_tds (ppm, other_pen-type_tds_meter)","hardness (mg_l, api_saltwater_hardness)","nitrates (mg_l, api_saltwater_nitrates)","nitrites (mg_l, api_saltwater_nitrites)","e_coli (cfu_per_100ml, idexx_colilert_2000_e_coli_geomean)"
58912,Fraser Riverkeeper,Vancouver Community Monitoring Program,Olympic Village ,Pacific Ocean,49.27237,-123.10345,British Columbia,Canada,Ocean,6,Swim Drink Fish Canada,2019-06-05,17:00,-07:00,2025-08-06,Vancouver Community Monitoring Program form,,Needs review,Review needed: conductivity's result of 21764μS/cm is below the normal range of 30000.0μS/cm.,8.01,9.37,13.13,21764,17,,,,,13.66
58913,Fraser Riverkeeper,Vancouver Community Monitoring Program,Brokers Bay ,Pacific Ocean,49.27191,-123.1375,British Columbia,Canada,Ocean,6,Swim Drink Fish Canada,2019-06-05,17:00,-07:00,2025-08-06,Vancouver Community Monitoring Program form,,Needs review,Review needed: conductivity's result of 20767μS/cm is below the normal range of 30000.0μS/cm.,8.02,8.88,12.46,20767,16.8,,,,,4.55
58914,Fraser Riverkeeper,Vancouver Community Monitoring Program,Vanier Park ,Pacific Ocean ,49.278553,-123.147244,British Columbia,Canada,Ocean,6,Swim Drink Fish Canada,2019-06-05,17:00,-07:00,2025-08-06,Vancouver Community Monitoring Program form,,Needs review,Review needed: conductivity's result of 22162μS/cm is below the normal range of 30000.0μS/cm.,7.93,8.06,13.33,22162,17.3,,,,,5.041825066
58915,Fraser Riverkeeper,Vancouver Community Monitoring Program,Olympic Village ,Pacific Ocean,49.27237,-123.10345,British Columbia,Canada,Ocean,6,Swim Drink Fish Canada,2019-06-12,17:00,-07:00,2025-08-06,Vancouver Community Monitoring Program form,,Needs review,Review needed: conductivity's result of 29887μS/cm is below the normal range of 30000.0μS/cm.,7.61,7.48,17.8,29887,18.8,,,,,61.82
58916,Fraser Riverkeeper,Vancouver Community Monitoring Program,Brokers Bay ,Pacific Ocean,49.27191,-123.1375,British Columbia,Canada,Ocean,6,Swim Drink Fish Canada,2019-06-12,17:00,-07:00,2025-08-06,Vancouver Community Monitoring Program form,,Needs review,Review needed: conductivity's result of 21369μS/cm is below the normal range of 30000.0μS/cm.,7.91,8.73,12.86,21369,19,,,,,3.14
58917,Fraser Riverkeeper,Vancouver Community Monitoring Program,Vanier Park ,Pacific Ocean ,49.278553,-123.147244,British Columbia,Canada,Ocean,6,Swim Drink Fish Canada,2019-06-12,17:00,-07:00,2025-08-06,Vancouver Community Monitoring Program form,,Needs review,Review needed: conductivity's result of 20490μS/cm is below the normal range of 30000.0μS/cm.,8.11,11.08,12.29,20490,20.1,,,,,33.68645121
58918,Fraser Riverkeeper,Vancouver Community Monitoring Program,Olympic Village ,Pacific Ocean,49.27237,-123.10345,British Columbia,Canada,Ocean,6,Swim Drink Fish Canada,2019-06-19,17:00,-07:00,2025-08-06,Vancouver Community Monitoring Program form,,Needs review,Review needed: conductivity's result of 24657μS/cm is below the normal range of 30000.0μS/cm.,7.63,7.96,15.07,24657,19.8,,,,,7.09
58919,Fraser Riverkeeper,Vancouver Community Monitoring Program,Brokers Bay ,Pacific Ocean,49.27191,-123.1375,British Columbia,Canada,Ocean,6,Swim Drink Fish Canada,2019-06-19,17:00,-07:00,2025-08-06,Vancouver Community Monitoring Program form,,Needs review,Review needed: conductivity's result of 24749μS/cm is below the normal range of 30000.0μS/cm.,7.9,6.07,15.09,24749,18,,,,,16.21
58920,Fraser Riverkeeper,Vancouver Community Monitoring Program,Vanier Park ,Pacific Ocean ,49.278553,-123.147244,British Columbia,Canada,Ocean,6,Swim Drink Fish Canada,2019-06-19,17:00,-07:00,2025-08-06,Vancouver Community Monitoring Program form,,Needs review,Review needed: conductivity's result of 25795μS/cm is below the normal range of 30000.0μS/cm.,7.94,6.99,15.8,25795,18.9,,,,,31.38445168
58921,Fraser Riverkeeper,Vancouver Community Monitoring Program,Olympic Village ,Pacific Ocean,49.27237,-123.10345,British Columbia,Canada,Ocean,6,Swim Drink Fish Canada,2019-06-26,17:00,-07:00,2025-08-06,Vancouver Community Monitoring Program form,,Needs review,Review needed: conductivity's result of 23110μS/cm is below the normal range of 30000.0μS/cm.,8.09,8.2,14.01,23110,19.5,,,,,1291.91
58922,Fraser Riverkeeper,Vancouver Community Monitoring Program,Brokers Bay ,Pacific Ocean,49.27191,-123.1375,British Columbia,Canada,Ocean,6,Swim Drink Fish Canada,2019-06-26,17:00,-07:00,2025-08-06,Vancouver Community Monitoring Program form,,Needs review,Review needed: conductivity's result of 23533μS/cm is below the normal range of 30000.0μS/cm.,8.29,8.77,14.31,23533,19,,,,,19.1
58923,Fraser Riverkeeper,Vancouver Community Monitoring Program,Vanier Park ,Pacific Ocean ,49.278553,-123.147244,British Columbia,Canada,Ocean,6,Swim Drink Fish Canada,2019-06-26,17:00,-07:00,2025-08-06,Vancouver Community Monitoring Program form,,Needs review,Review needed: conductivity's result of 24937μS/cm is below the normal range of 30000.0μS/cm.,8.31,9.18,15.22,24937,18.4,,,,,22.55837415
58924,Fraser Riverkeeper,Vancouver Community Monitoring Program,Vanier Park ,Pacific Ocean ,49.278553,-123.147244,British Columbia,Canada,Ocean,6,Swim Drink Fish Canada,2019-07-02,17:00,-07:00,2025-08-06,Vancouver Community Monitoring Program form,,Needs review,Review needed: conductivity's result of 27227μS/cm is below the normal range of 30000.0μS/cm.,7.99,7.08,16.77,27227,17.8,,,,,138.0197962
58925,Fraser Riverkeeper,Vancouver Community Monitoring Program,Brokers Bay ,Pacific Ocean,49.27191,-123.1375,British Columbia,Canada,Ocean,6,Swim Drink Fish Canada,2019-07-02,17:00,-07:00,2025-08-06,Vancouver Community Monitoring Program form,,Needs review,Review needed: conductivity's result of 26451μS/cm is below the normal range of 30000.0μS/cm.,8,6.89,16.25,26451,17.8,,,,,8.18
58926,Fraser Riverkeeper,Vancouver Community Monitoring Program,Olympic Village ,Pacific Ocean,49.27237,-123.10345,British Columbia,Canada,Ocean,6,Swim Drink Fish Canada,2019-07-02,17:00,-07:00,2025-08-06,Vancouver Community Monitoring Program form,,Needs review,Review needed: conductivity's result of 27208μS/cm is below the normal range of 30000.0μS/cm.,7.83,5.71,16.74,27208,18.9,,,,,8.66
58927,Fraser Riverkeeper,Vancouver Community Monitoring Program,Olympic Village ,Pacific Ocean,49.27237,-123.10345,British Columbia,Canada,Ocean,7,Swim Drink Fish Canada,2019-07-10,17:00,-07:00,2025-08-06,Vancouver Community Monitoring Program form,,Needs review,Review needed: conductivity's result of 26471μS/cm is below the normal range of 30000.0μS/cm.,7.85,8.63,16.24,26471,18.3,17205.5,,,,235.82
58928,Fraser Riverkeeper,Vancouver Community Monitoring Program,Brokers Bay ,Pacific Ocean,49.27191,-123.1375,British Columbia,Canada,Ocean,7,Swim Drink Fish Canada,2019-07-10,17:00,-07:00,2025-08-06,Vancouver Community Monitoring Program form,,Needs review,Review needed: conductivity's result of 26360μS/cm is below the normal range of 30000.0μS/cm.,7.91,8.2,16.18,26360,18,17134,,,,10.34
58929,Fraser Riverkeeper,Vancouver Community Monitoring Program,Vanier Park ,Pacific Ocean ,49.278553,-123.147244,British Columbia,Canada,Ocean,7,Swim Drink Fish Canada,2019-07-10,17:00,-07:00,2025-08-06,Vancouver Community Monitoring Program form,,Needs review,Review needed: conductivity's result of 27316μS/cm is below the normal range of 30000.0μS/cm.,8.05,9.45,16.82,27316,17.9,17764.5,,,,31.17820276
58930,Fraser Riverkeeper,Vancouver Community Monitoring Program,Olympic Village ,Pacific Ocean,49.27237,-123.10345,British Columbia,Canada,Ocean,10,Swim Drink Fish Canada,2019-07-17,17:00,-07:00,2025-08-06,Vancouver Community Monitoring Program form,,Needs review,Review needed: conductivity's result of 21475μS/cm is below the normal range of 30000.0μS/cm.,7.51,6.9,12.92,21475,20.2,13949,0,0,0,53
58931,Fraser Riverkeeper,Vancouver Community Monitoring Program,Brokers Bay ,Pacific Ocean,49.27191,-123.1375,British Columbia,Canada,Ocean,10,Swim Drink Fish Canada,2019-07-17,17:00,-07:00,2025-08-06,Vancouver Community Monitoring Program form,"",Needs review,Review needed: conductivity's result of 23750μS/cm is below the normal range of 30000.0μS/cm.,7.81,7.45,14.43,23750,18.6,15437,40,20,0.5,512.43
58932,Fraser Riverkeeper,Vancouver Community Monitoring Program,Vanier Park ,Pacific Ocean ,49.278553,-123.147244,British Columbia,Canada,Ocean,10,Swim Drink Fish Canada,2019-07-17,17:00,-07:00,2025-08-06,Vancouver Community Monitoring Program form,,Needs review,Review needed: conductivity's result of 23737μS/cm is below the normal range of 30000.0μS/cm.,8.04,8.84,14.42,23737,18.7,15431,40,0,0,451.1966791
58933,Fraser Riverkeeper,Vancouver Community Monitoring Program,Brokers Bay ,Pacific Ocean,49.27191,-123.1375,British Columbia,Canada,Ocean,10,Swim Drink Fish Canada,2019-07-23,17:00,-07:00,2025-08-06,Vancouver Community Monitoring Program form,,Needs review,Review needed: conductivity's result of 27239μS/cm is below the normal range of 30000.0μS/cm.,7.27,5.28,16.76,27239,20.7,17706,40,0,0,147.4
58934,Fraser Riverkeeper,Vancouver Community Monitoring Program,Olympic Village ,Pacific Ocean,49.27237,-123.10345,British Columbia,Canada,Ocean,10,Swim Drink Fish Canada,2019-07-24,17:00,-07:00,2025-08-06,Vancouver Community Monitoring Program form,,Needs review,Review needed: conductivity's result of 28261μS/cm is below the normal range of 30000.0μS/cm.,7.56,5.91,17.48,28261,20.9,18375.5,0,0,0,68.16
58935,Fraser Riverkeeper,Vancouver Community Monitoring Program,Vanier Park ,Pacific Ocean ,49.278553,-123.147244,British Columbia,Canada,Ocean,10,Swim Drink Fish Canada,2019-07-24,17:00,-07:00,2025-08-06,Vancouver Community Monitoring Program form,,Needs review,Review needed: conductivity's result of 23215μS/cm is below the normal range of 30000.0μS/cm.,8.04,8.34,14.07,23215,20.4,15086,0,0,0.5,98.81679159
58936,Fraser Riverkeeper,Vancouver Community Monitoring Program,Brokers Bay ,Pacific Ocean,49.27191,-123.1375,British Columbia,Canada,Ocean,10,Swim Drink Fish Canada,2019-07-29,17:00,-07:00,2025-08-06,Vancouver Community Monitoring Program form,,Needs review,Review needed: conductivity's result of 27161μS/cm is below the normal range of 30000.0μS/cm.,7.58,6.4,16.69,27161,20.5,17647.5,0,0,0,183.83
58937,Fraser Riverkeeper,Vancouver Community Monitoring Program,Olympic Village ,Pacific Ocean,49.27237,-123.10345,British Columbia,Canada,Ocean,10,Swim Drink Fish Canada,2019-07-30,17:00,-07:00,2025-08-06,Vancouver Community Monitoring Program form,,Needs review,Review needed: conductivity's result of 26609μS/cm is below the normal range of 30000.0μS/cm.,7.65,7.75,16.35,26609,20.8,17303,40,0,0,1334.76
58938,Fraser Riverkeeper,Vancouver Community Monitoring Program,Vanier Park ,Pacific Ocean ,49.278553,-123.147244,British Columbia,Canada,Ocean,10,Swim Drink Fish Canada,2019-07-30,17:00,-07:00,2025-08-06,Vancouver Community Monitoring Program form,,Needs review,Review needed: conductivity's result of 26846μS/cm is below the normal range of 30000.0μS/cm.,7.9,8.55,16.48,26846,20.6,17446,0,0,0,112.631443
58939,Fraser Riverkeeper,Vancouver Community Monitoring Program,Olympic Village ,Pacific Ocean,49.27237,-123.10345,British Columbia,Canada,Ocean,10,Swim Drink Fish Canada,2019-08-07,17:00,-07:00,2025-08-06,Vancouver Community Monitoring Program form,,Needs review,Review needed: conductivity's result of 28685μS/cm is below the normal range of 30000.0μS/cm.,6.95,7.16,17.78,28685,21.5,18681,40,0,0,1352.93
58940,Fraser Riverkeeper,Vancouver Community Monitoring Program,Brokers Bay ,Pacific Ocean,49.27191,-123.1375,British Columbia,Canada,Ocean,10,Swim Drink Fish Canada,2019-08-07,17:00,-07:00,2025-08-06,Vancouver Community Monitoring Program form,,Needs review,Review needed: conductivity's result of 28929μS/cm is below the normal range of 30000.0μS/cm.,7.44,8.15,17.92,28929,20.6,18817.5,40,0,0,425.89
58941,Fraser Riverkeeper,Vancouver Community Monitoring Program,Vanier Park ,Pacific Ocean ,49.278553,-123.147244,British Columbia,Canada,Ocean,10,Swim Drink Fish Canada,2019-08-07,17:00,-07:00,2025-08-06,Vancouver Community Monitoring Program form,,Reviewed: quality check complete,,7.46,8.6,22.6,35748,17.2,23231,40,0,0,26.03680406
58942,Fraser Riverkeeper,Vancouver Community Monitoring Program,Brokers Bay ,Pacific Ocean,49.27191,-123.1375,British Columbia,Canada,Ocean,7,Swim Drink Fish Canada,2019-08-13,17:00,-07:00,2025-08-06,Vancouver Community Monitoring Program form,,Needs review,Review needed: conductivity's result of 26145μS/cm is below the normal range of 30000.0μS/cm.,7.53,6.96,15.99,26145,20.8,16991,,,,278.05
58943,Fraser Riverkeeper,Vancouver Community Monitoring Program,Olympic Village ,Pacific Ocean,49.27237,-123.10345,British Columbia,Canada,Ocean,10,Swim Drink Fish Canada,2019-08-14,17:00,-07:00,2025-08-06,Vancouver Community Monitoring Program form,,Needs review,Review needed: conductivity's result of 27279μS/cm is below the normal range of 30000.0μS/cm.,7.93,6.41,16.79,27279,21.2,17738,0,0,0,208.85
58944,Fraser Riverkeeper,Vancouver Community Monitoring Program,Vanier Park ,Pacific Ocean ,49.278553,-123.147244,British Columbia,Canada,Ocean,10,Swim Drink Fish Canada,2019-08-14,17:00,-07:00,2025-08-06,Vancouver Community Monitoring Program form,,Needs review,Review needed: conductivity's result of 27130μS/cm is below the normal range of 30000.0μS/cm.,8.1,8.47,16.66,27130,20.8,17634,0,0,0,660.7081078
58945,Fraser Riverkeeper,Vancouver Community Monitoring Program,Olympic Village ,Pacific Ocean,49.27237,-123.10345,British Columbia,Canada,Ocean,7,Swim Drink Fish Canada,2019-08-20,17:00,-07:00,2025-08-06,Vancouver Community Monitoring Program form,,Reviewed: quality check complete,,7.79,7.13,19.49,31230,19.8,20312.5,,,,3122.8
58946,Fraser Riverkeeper,Vancouver Community Monitoring Program,Vanier Park ,Pacific Ocean ,49.278553,-123.147244,British Columbia,Canada,Ocean,7,Swim Drink Fish Canada,2019-08-20,17:00,-07:00,2025-08-06,Vancouver Community Monitoring Program form,,Reviewed: quality check complete,,8.1,7.12,19.38,31057,19,20182,,,,85.48843257
58947,Fraser Riverkeeper,Vancouver Community Monitoring Program,Brokers Bay ,Pacific Ocean,49.27191,-123.1375,British Columbia,Canada,Ocean,7,Swim Drink Fish Canada,2019-08-21,17:00,-07:00,2025-08-06,Vancouver Community Monitoring Program form,,Needs review,Review needed: conductivity's result of 28988μS/cm is below the normal range of 30000.0μS/cm.,8.2,7.88,17.97,28988,18.8,18843.5,,,,89.86
58948,Fraser Riverkeeper,Vancouver Community Monitoring Program,Olympic Village ,Pacific Ocean,49.27237,-123.10345,British Columbia,Canada,Ocean,7,Swim Drink Fish Canada,2019-08-28,17:00,-07:00,2025-08-06,Vancouver Community Monitoring Program form,,Reviewed: quality check complete,,7.82,7.4,24.91,39071,16,25402.5,,,,2293.27
58949,Fraser Riverkeeper,Vancouver Community Monitoring Program,Brokers Bay ,Pacific Ocean,49.27191,-123.1375,British Columbia,Canada,Ocean,10,Swim Drink Fish Canada,2019-08-28,17:00,-07:00,2025-08-06,Vancouver Community Monitoring Program form,,Reviewed: quality check complete,,7.88,7.6,20.54,32763,19.1,21294,0,0,0,154.66
58950,Fraser Riverkeeper,Vancouver Community Monitoring Program,Vanier Park ,Pacific Ocean ,49.278553,-123.147244,British Columbia,Canada,Ocean,7,Swim Drink Fish Canada,2019-08-28,17:00,-07:00,2025-08-06,Vancouver Community Monitoring Program form,,Reviewed: quality check complete,,7.82,7.4,24.91,39071,16,25402.5,,,,78.79463796
58951,Fraser Riverkeeper,Vancouver Community Monitoring Program,Olympic Village ,Pacific Ocean,49.27237,-123.10345,British Columbia,Canada,Ocean,10,Swim Drink Fish Canada,2019-09-04,17:00,-07:00,2025-08-06,Vancouver Community Monitoring Program form,"",Reviewed: quality check complete,,7.91,7.4,21.27,33840,19.5,21996,40,0,0,4839.13
58952,Fraser Riverkeeper,Vancouver Community Monitoring Program,Brokers Bay ,Pacific Ocean,49.27191,-123.1375,British Columbia,Canada,Ocean,10,Swim Drink Fish Canada,2019-09-04,17:00,-07:00,2025-08-06,Vancouver Community Monitoring Program form,,Reviewed: quality check complete,,7.74,7.1,20.98,33422,18.9,21710,40,0,0,202.68
58953,Fraser Riverkeeper,Vancouver Community Monitoring Program,Vanier Park ,Pacific Ocean ,49.278553,-123.147244,British Columbia,Canada,Ocean,10,Swim Drink Fish Canada,2019-09-04,17:00,-07:00,2025-08-06,Vancouver Community Monitoring Program form,,Reviewed: quality check complete,,8.07,8.42,20.73,33045,19.08,21482.5,40,0,0,29.53428483
58954,Fraser Riverkeeper,Vancouver Community Monitoring Program,Olympic Village ,Pacific Ocean,49.27237,-123.10345,British Columbia,Canada,Ocean,10,Swim Drink Fish Canada,2019-09-11,17:00,-07:00,2025-08-06,Vancouver Community Monitoring Program form,,Reviewed: quality check complete,,7.65,7.21,19.64,31455,17.7,20501,80,0,0,422.36
58955,Fraser Riverkeeper,Vancouver Community Monitoring Program,Brokers Bay ,Pacific Ocean,49.27191,-123.1375,British Columbia,Canada,Ocean,10,Swim Drink Fish Canada,2019-09-11,17:00,-07:00,2025-08-06,Vancouver Community Monitoring Program form,,Needs review,Review needed: conductivity's result of 29462μS/cm is below the normal range of 30000.0μS/cm.,7.9,7.52,18.28,29462,17.7,19155,0,0,0,21.16
58956,Fraser Riverkeeper,Vancouver Community Monitoring Program,Vanier Park ,Pacific Ocean ,49.278553,-123.147244,British Columbia,Canada,Ocean,10,Swim Drink Fish Canada,2019-09-11,17:00,-07:00,2025-08-06,Vancouver Community Monitoring Program form,,Reviewed: quality check complete,,7.95,7.58,19.72,31574,17.7,20520.5,40,0,0,37.82316763
58957,Fraser Riverkeeper,Vancouver Community Monitoring Program,Olympic Village ,Pacific Ocean,49.27237,-123.10345,British Columbia,Canada,Ocean,10,Swim Drink Fish Canada,2019-09-18,17:00,-07:00,2025-08-06,Vancouver Community Monitoring Program form,,Reviewed: quality check complete,,7.52,6.6,21.6,34321,15.2,22295,120,0,0,4902.37
58958,Fraser Riverkeeper,Vancouver Community Monitoring Program,Brokers Bay ,Pacific Ocean,49.27191,-123.1375,British Columbia,Canada,Ocean,10,Swim Drink Fish Canada,2019-09-18,17:00,-07:00,2025-08-06,Vancouver Community Monitoring Program form,"",Reviewed: quality check complete,,7.65,6.8,22.76,36000,14.5,23400,80,0,0,57.14
58959,Fraser Riverkeeper,Vancouver Community Monitoring Program,Vanier Park ,Pacific Ocean ,49.278553,-123.147244,British Columbia,Canada,Ocean,10,Swim Drink Fish Canada,2019-09-18,17:00,-07:00,2025-08-06,Vancouver Community Monitoring Program form,,Reviewed: quality check complete,,7.55,5.78,27,42125,12.4,27313,40,0,0,7.569515364
58960,Fraser Riverkeeper,Vancouver Community Monitoring Program,Brokers Bay ,Pacific Ocean,49.27191,-123.1375,British Columbia,Canada,Ocean,7,Swim Drink Fish Canada,2019-09-23,17:00,-07:00,2025-08-06,Vancouver Community Monitoring Program form,,Needs review,Review needed: conductivity's result of 27650μS/cm is below the normal range of 30000.0μS/cm.,7.48,6.9,17.09,27650,15.4,18011.5,,,,23.7
58961,Fraser Riverkeeper,Vancouver Community Monitoring Program,Olympic Village ,Pacific Ocean,49.27237,-123.10345,British Columbia,Canada,Ocean,10,Swim Drink Fish Canada,2019-09-24,17:00,-07:00,2025-08-06,Vancouver Community Monitoring Program form,,Needs review,Review needed: conductivity's result of 26169μS/cm is below the normal range of 30000.0μS/cm.,7.34,5.92,16.05,26169,15.5,17010.5,40,0,0,9700.67
58962,Fraser Riverkeeper,Vancouver Community Monitoring Program,Vanier Park ,Pacific Ocean ,49.278553,-123.147244,British Columbia,Canada,Ocean,7,Swim Drink Fish Canada,2019-09-24,17:00,-07:00,2025-08-06,Vancouver Community Monitoring Program form,,Needs review,Review needed: conductivity's result of 25258μS/cm is below the normal range of 30000.0μS/cm.,7.72,8.06,15.44,25258,15.2,16419,,,,16.37319767
58963,Fraser Riverkeeper,Vancouver Community Monitoring Program,Olympic Village ,Pacific Ocean,49.27237,-123.10345,British Columbia,Canada,Ocean,10,Swim Drink Fish Canada,2019-09-30,17:00,-07:00,2025-08-06,Vancouver Community Monitoring Program form,,Reviewed: quality check complete,,7.48,7.18,23,36313,12.4,23699.5,40,0,0,733.97
58964,Fraser Riverkeeper,Vancouver Community Monitoring Program,Brokers Bay ,Pacific Ocean,49.27191,-123.1375,British Columbia,Canada,Ocean,7,Swim Drink Fish Canada,2019-09-30,17:00,-07:00,2025-08-06,Vancouver Community Monitoring Program form,,Reviewed: quality check complete,,7.59,7.95,22.53,35722,12.3,23221,,,,19.12
58965,Fraser Riverkeeper,Vancouver Community Monitoring Program,Vanier Park ,Pacific Ocean ,49.278553,-123.147244,British Columbia,Canada,Ocean,7,Swim Drink Fish Canada,2019-09-30,17:00,-07:00,2025-08-06,Vancouver Community Monitoring Program form,,Reviewed: quality check complete,,7.66,7.72,24.34,38369,12.2,24947,,,,24.75644745
58966,Fraser Riverkeeper,Vancouver Community Monitoring Program,Olympic Village ,Pacific Ocean,49.27237,-123.10345,British Columbia,Canada,Ocean,7,Swim Drink Fish Canada,2019-10-09,17:00,-07:00,2025-08-06,Vancouver Community Monitoring Program form,,Reviewed: quality check complete,,7.82,7.97,21.71,34615,11,22496,,,,1911.47
58967,Fraser Riverkeeper,Vancouver Community Monitoring Program,Brokers Bay ,Pacific Ocean,49.27191,-123.1375,British Columbia,Canada,Ocean,7,Swim Drink Fish Canada,2019-10-09,17:00,-07:00,2025-08-06,Vancouver Community Monitoring Program form,,Reviewed: quality check complete,,7.95,7.76,20.52,32989,10.9,21456.5,,,,15.26
58968,Fraser Riverkeeper,Vancouver Community Monitoring Program,Vanier Park ,Pacific Ocean ,49.278553,-123.147244,British Columbia,Canada,Ocean,7,Swim Drink Fish Canada,2019-10-09,17:00,-07:00,2025-08-06,Vancouver Community Monitoring Program form,,Reviewed: quality check complete,,7.97,7.11,23.49,36845,11.2,24050,,,,41.89285762
58969,Fraser Riverkeeper,Vancouver Community Monitoring Program,Olympic Village ,Pacific Ocean,49.27237,-123.10345,British Columbia,Canada,Ocean,7,Swim Drink Fish Canada,2019-10-16,17:00,-07:00,2025-08-06,Vancouver Community Monitoring Program form,,Reviewed: quality check complete,,7.56,7.6,24.8,38156,11.6,24797.6,,,,776.49
58970,Fraser Riverkeeper,Vancouver Community Monitoring Program,Brokers Bay ,Pacific Ocean,49.27191,-123.1375,British Columbia,Canada,Ocean,7,Swim Drink Fish Canada,2019-10-16,17:00,-07:00,2025-08-06,Vancouver Community Monitoring Program form,,Reviewed: quality check complete,,7.66,8.37,24.37,38435,11.4,24973,,,,85.31
58971,Fraser Riverkeeper,Vancouver Community Monitoring Program,Vanier Park ,Pacific Ocean ,49.278553,-123.147244,British Columbia,Canada,Ocean,7,Swim Drink Fish Canada,2019-10-16,17:00,-07:00,2025-08-06,Vancouver Community Monitoring Program form,,Reviewed: quality check complete,,7.65,7.82,27.09,42164,11.4,27410.5,,,,29.89221627
58972,Fraser Riverkeeper,Vancouver Community Monitoring Program,Olympic Village ,Pacific Ocean,49.27237,-123.10345,British Columbia,Canada,Ocean,7,Swim Drink Fish Canada,2019-10-23,17:00,-07:00,2025-08-06,Vancouver Community Monitoring Program form,,Reviewed: quality check complete,,7.42,8.26,21.64,34528,11.2,22425,,,,233.84
58973,Fraser Riverkeeper,Vancouver Community Monitoring Program,Brokers Bay ,Pacific Ocean,49.27191,-123.1375,British Columbia,Canada,Ocean,7,Swim Drink Fish Canada,2019-10-23,17:00,-07:00,2025-08-06,Vancouver Community Monitoring Program form,,Reviewed: quality check complete,,7.56,8.4,22.09,35178,10.9,22860.5,,,,21.93
58974,Fraser Riverkeeper,Vancouver Community Monitoring Program,Vanier Park ,Pacific Ocean ,49.278553,-123.147244,British Columbia,Canada,Ocean,7,Swim Drink Fish Canada,2019-10-23,17:00,-07:00,2025-08-06,Vancouver Community Monitoring Program form,,Reviewed: quality check complete,,7.64,8.22,24.51,38638,11.1,25116,,,,8.955579627
58975,Fraser Riverkeeper,Vancouver Community Monitoring Program,Olympic Village ,Pacific Ocean,49.27237,-123.10345,British Columbia,Canada,Ocean,7,Swim Drink Fish Canada,2019-10-30,17:00,-07:00,2025-08-06,Vancouver Community Monitoring Program form,,Reviewed: quality check complete,,7.36,8.21,24.11,38088,10.3,24700,,,,18.25
58976,Fraser Riverkeeper,Vancouver Community Monitoring Program,Brokers Bay ,Pacific Ocean,49.27191,-123.1375,British Columbia,Canada,Ocean,7,Swim Drink Fish Canada,2019-10-30,17:00,-07:00,2025-08-06,Vancouver Community Monitoring Program form,,Reviewed: quality check complete,,7.02,8.92,24.4,38564,9.6,25064,,,,6.04
58977,Fraser Riverkeeper,Vancouver Community Monitoring Program,Vanier Park ,Pacific Ocean ,49.278553,-123.147244,British Columbia,Canada,Ocean,7,Swim Drink Fish Canada,2019-10-30,17:00,-07:00,2025-08-06,Vancouver Community Monitoring Program form,,Reviewed: quality check complete,,7.62,7.67,26.87,42000,10.5,27313,,,,0.6
58978,Fraser Riverkeeper,Vancouver Community Monitoring Program,Olympic Village ,Pacific Ocean,49.27237,-123.10345,British Columbia,Canada,Ocean,7,Swim Drink Fish Canada,2019-11-13,16:00,-08:00,2025-08-06,Vancouver Community Monitoring Program form,,Reviewed: quality check complete,,7.5,8.6,20.12,32720,9.8,21255.9,,,,30.66
58979,Fraser Riverkeeper,Vancouver Community Monitoring Program,Brokers Bay ,Pacific Ocean,49.27191,-123.1375,British Columbia,Canada,Ocean,7,Swim Drink Fish Canada,2019-11-13,16:00,-08:00,2025-08-06,Vancouver Community Monitoring Program form,,Reviewed: quality check complete,,7.63,8.94,20.36,32745,9.4,21281,,,,12.58
58980,Fraser Riverkeeper,Vancouver Community Monitoring Program,Vanier Park ,Pacific Ocean ,49.278553,-123.147244,British Columbia,Canada,Ocean,6,Swim Drink Fish Canada,2019-11-13,16:00,-08:00,2025-08-06,Vancouver Community Monitoring Program form,,Reviewed: quality check complete,,7.73,9.63,20.22,32551,9.1,21151,,,,
58981,Fraser Riverkeeper,Vancouver Community Monitoring Program,Olympic Village ,Pacific Ocean,49.27237,-123.10345,British Columbia,Canada,Ocean,7,Swim Drink Fish Canada,2019-11-27,16:00,-08:00,2025-08-06,Vancouver Community Monitoring Program form,,Reviewed: quality check complete,,7.42,6.78,26.63,41761,9.4,27150.5,,,,82.43
58982,Fraser Riverkeeper,Vancouver Community Monitoring Program,Brokers Bay ,Pacific Ocean,49.27191,-123.1375,British Columbia,Canada,Ocean,7,Swim Drink Fish Canada,2019-11-27,16:00,-08:00,2025-08-06,Vancouver Community Monitoring Program form,,Reviewed: quality check complete,,7.55,8.01,27.53,43000,8.8,27995.5,,,,4.91
58983,Fraser Riverkeeper,Vancouver Community Monitoring Program,Vanier Park ,Pacific Ocean ,49.278553,-123.147244,British Columbia,Canada,Ocean,6,Swim Drink Fish Canada,2019-11-27,16:00,-08:00,2025-08-06,Vancouver Community Monitoring Program form,,Reviewed: quality check complete,,7.58,8.64,27.77,43455,8.9,28242.5,,,,
58984,Fraser Riverkeeper,Vancouver Community Monitoring Program,Olympic Village ,Pacific Ocean,49.27237,-123.10345,British Columbia,Canada,Ocean,7,Swim Drink Fish Canada,2019-12-11,16:00,-08:00,2025-08-06,Vancouver Community Monitoring Program form,,Reviewed: quality check complete,,7.2,8.54,23.53,37567,8.3,24362,,,,554.62
58985,Fraser Riverkeeper,Vancouver Community Monitoring Program,Vanier Park ,Pacific Ocean ,49.278553,-123.147244,British Columbia,Canada,Ocean,6,Swim Drink Fish Canada,2019-12-11,16:00,-08:00,2025-08-06,Vancouver Community Monitoring Program form,,Reviewed: quality check complete,,7.57,7.05,27.19,42493,9,27644.5,,,,
